FIPS,State,County,Deaths,Years of Potential Life Lost Rate,95% CI - Low,95% CI - High,Z-Score,Sample Size,% Fair or Poor Health,95% CI - Low,95% CI - High,Z-Score,Sample Size,Physically Unhealthy Days,95% CI - Low,95% CI - High,Z-Score,Sample Size,Mentally Unhealthy Days,95% CI - Low,95% CI - High,Z-Score,Unreliable,# Low Birthweight Births,# Live births,% Low birthweight,95% CI - Low,95% CI - High,Z-Score,Sample Size,% Smokers,95% CI - Low,95% CI - High,Z-Score,% Obese,95% CI - Low,95% CI - High,Z-Score,Food Environment Index,Z-Score,% Physically Inactive,95% CI - Low,95% CI - High,Z-Score,# With Access,% With Access,Z-Score,Sample Size,% Excessive Drinking,95% CI - Low,95% CI - High,Z-Score,# Alcohol-Impaired Driving Deaths,# Driving Deaths,% Alcohol-Impaired,Z-Score,# Chlamydia Cases,Chlamydia Rate,Z-Score,Teen Births ,Teen Population,Teen Birth Rate,95% CI - Low,95% CI - High,Z-Score,# Uninsured,% Uninsured,95% CI - Low,95% CI - High,Z-Score,# Primary Care Physicians,PCP Rate,PCP Ratio,Z-Score,# Dentists,Dentist Rate,Dentist Ratio,Z-Score,# Mental Health Providers,MHP Rate,Mental Health Provider Ratio,# Mental Health Providers,MHP Rate,MHP Ratio,Z-Score,# Medicare Enrollees,Preventable Hosp. Rate,95% CI - Low,95% CI - High,Z-Score,# Diabetics,% Receiving HbA1c,95% CI - Low,95% CI - High,Z-Score,# Medicare Enrollees,% Mammography,95% CI - Low,95% CI - High,Z-Score,Cohort Size,Graduation Rate,Z-Score,# Some College,Population,% Some College,95% CI - Low,95% CI - High,Z-Score,# Unemployed,Labor Force,% Unemployed,Z-Score,# Children in Poverty,% Children in Poverty,95% CI - Low,95% CI - High,Z-Score,80th Percentile Income,20th Percentile Income,Income Ratio,Z-Score,# Single-Parent Households,# Households,% Single-Parent Households,95% CI - Low,95% CI - High,Z-Score,# Associations,Association Rate,Z-Score,# Violent Crimes,Violent Crime Rate,Z-Score,# Injury Deaths,Injury Death Rate,95% CI - Low,95% CI - High,Z-Score,Average Daily PM2.5,Z-Score,Pop. In Viol,% Pop in Viol,Z-Score,# Households with Severe Problems,% Severe Housing Problems,95% CI - Low,95% CI - High,Z-Score,# Drive Alone,# Workers,% Drive Alone,95% CI - Low,95% CI - High,Z-Score,# Workers who Drive Alone,% Long Commute - Drives Alone,95% CI - Low,95% CI - High,Z-Score
36000,New York,,177285,5457,5420,5493,,46792,15,15,16,,45622,3.5,3.4,3.6,,45880,3.4,3.3,3.5,,,140929,1726992,8.2,8.1,8.2,,46662,17,16,17,,24,,,,8.0,,23,,,,17712925,91,,45075,17,17,18,,1405,5895,24,,100546,514,,110094,4653712,24,24,24,,2073007,13,12,13,,16171,83,1210:1,,15059,77,1305:1,,42467,216,463:1,44397,226,443:1,,1641189,59,59,60,,164878,86,85,86,,111292,63.1,62.6,63.6,,222316,77,,3475299,5293359,65.7,65.4,65.9,,737270,9636028,7.7,,956127,23,22,23,,120681,21792,5.5,,1477047,4244199,35,34,35,,15407,7.9,,77864,400,,39618,41,41,41,,11.7,,4798791,26,,1731815,24,24,24,,4773429,8870713,54,54,54,,4773429,36,35,36,
36001,New York,Albany,2947,5883,5551,6215,-0.13,956,13,10,16,-0.42,936,2.6,2.1,3.0,-1.27,940,3.3,2.7,3.9,-0.29,,1837,21624,8.5,8.1,8.9,1.16,956,17,14,21,-0.46,26,22,30,-0.51,7.9,0.43,22,19,26,-0.63,273398,90,-0.84,926,19,15,23,0.32,17,87,20,-0.70,1399,458,0.71,1454,85453,17,16,18,-0.82,23634,10,9,11,-0.83,294,96,1039:1,-1.21,258,84,1190:1,-1.21,831,271,369:1,872,284,352:1,-1.26,22695,52,49,55,-0.95,1977,87,83,91,-0.17,1416,64.3,60.1,68.4,0.16,3352,81,-0.08,56833,75864,74.9,72.5,77.3,-1.72,9749,155850,6.3,-1.20,9271,16,13,20,-0.96,115403,24252,4.8,0.24,20503,58778,35,33,37,0.32,452,14.8,-1.06,1122,368,0.98,635,42,39,45,-0.78,11.1,-0.74,315,0,-0.77,20090,16,15,17,-0.14,117426,150021,78,77,79,0.27,117426,19,18,20,-1.30
36003,New York,Allegany,517,6233,5390,7076,0.28,208,16,11,24,0.56,206,3.6,2.1,5.1,-0.06,202,3.3,1.8,4.9,-0.29,,268,3528,7.6,6.7,8.5,0.26,210,21,14,31,0.27,31,24,37,0.97,8.3,-0.24,24,18,30,-0.13,26991,55,1.38,207,22,15,32,1.22,6,22,27,0.05,87,180,-0.85,326,16524,20,18,22,-0.49,3903,11,10,12,-0.22,19,39,2545:1,0.82,13,27,3701:1,0.96,73,152,659:1,73,152,659:1,0.15,4745,61,54,68,-0.28,574,84,77,92,0.96,301,60.8,52.0,69.6,0.80,581,87,-1.09,5359,9866,54.3,51.1,57.6,0.80,1812,23935,7.6,-0.08,2526,26,20,31,0.62,80284,18873,4.3,-0.43,3020,10071,30,26,34,-0.34,90,18.6,-2.12,73,151,-0.42,137,56,47,66,0.74,12.7,1.49,1665,6,-0.34,2710,14,13,16,-0.50,14645,20298,72,70,74,-0.13,14645,30,28,32,-0.29
36005,New York,Bronx,14107,7050,6901,7198,1.24,1837,24,22,27,2.83,1752,4.1,3.7,4.6,0.54,1770,4.0,3.4,4.6,0.71,,15420,157736,9.8,9.6,9.9,2.44,1841,18,16,21,-0.28,28,25,31,0.17,6.4,2.91,29,26,31,1.74,1354743,98,-1.35,1737,14,12,17,-0.91,32,262,12,-1.42,17023,1209,4.92,16088,382802,42,41,43,2.25,194089,16,15,17,2.48,677,48,2080:1,0.50,679,48,2089:1,0.17,2012,142,705:1,2065,146,687:1,0.21,64408,66,64,68,0.12,8251,78,76,79,3.60,4698,61.2,58.9,63.4,0.73,15873,58,3.71,191270,391736,48.8,47.9,49.8,1.47,66025,557683,11.8,3.55,148624,42,39,44,3.27,77007,12107,6.4,2.40,229567,360584,64,63,65,4.23,359,2.5,2.33,8622,620,2.61,2653,38,37,40,-1.14,10.8,-1.18,,,0.00,176530,37,37,38,3.74,120635,524234,23,22,24,-3.28,120635,49,47,51,1.52
36007,New York,Broome,2185,6714,6287,7141,0.85,693,13,10,18,-0.31,673,3.6,2.8,4.4,-0.06,672,3.7,2.9,4.5,0.28,,1171,14579,8.0,7.6,8.5,0.70,693,20,15,25,-0.08,27,23,32,-0.20,7.9,0.43,21,17,25,-1.09,179008,89,-0.80,665,15,11,19,-0.74,15,64,23,-0.32,717,362,0.17,1232,54057,23,22,24,-0.11,16647,11,10,12,-0.26,158,80,1254:1,-0.62,125,63,1580:1,-0.42,346,175,571:1,358,181,552:1,-0.17,22528,58,55,62,-0.46,2162,85,81,89,0.51,1384,63.7,59.5,67.9,0.27,2475,80,0.06,28105,44294,63.5,60.8,66.1,-0.31,7144,91023,7.8,0.15,9479,25,20,30,0.52,90724,18906,4.8,0.30,15081,39015,39,35,42,0.83,230,11.6,-0.18,537,268,0.33,521,52,48,57,0.32,11.8,0.18,12980,8,-0.17,12470,16,14,17,-0.27,68340,87254,78,77,79,0.27,68340,14,13,15,-1.82
36009,New York,Cattaraugus,1037,7068,6402,7735,1.26,310,18,14,24,1.10,297,4.0,2.9,5.2,0.42,303,2.9,1.6,4.3,-0.86,,463,6244,7.4,6.8,8.1,0.08,310,23,17,30,0.59,29,23,35,0.35,8.3,-0.24,29,23,35,1.90,51090,64,0.84,300,12,8,17,-1.56,14,54,26,-0.08,170,214,-0.66,723,20866,35,32,37,1.34,8409,13,12,14,0.97,39,49,2037:1,0.47,35,44,2254:1,0.30,71,90,1111:1,75,95,1052:1,0.75,6662,61,55,67,-0.26,772,87,80,93,-0.09,431,53.1,46.3,60.0,2.20,1117,80,0.12,9599,17723,54.2,51.0,57.3,0.82,3221,39861,8.1,0.35,5040,29,24,34,1.13,80532,18796,4.3,-0.39,6212,18196,34,30,38,0.22,114,14.3,-0.93,166,207,-0.06,213,53,46,60,0.43,13.0,1.90,6066,13,0.21,4680,14,13,16,-0.48,26771,34104,78,77,80,0.28,26771,27,26,28,-0.55
36011,New York,Cayuga,839,6073,5436,6710,0.09,214,11,7,18,-0.85,213,2.2,1.4,3.1,-1.75,214,3.4,2.1,4.7,-0.15,,376,5718,6.6,5.9,7.2,-0.76,216,28,21,37,1.45,29,23,35,0.35,8.6,-0.73,22,17,28,-0.67,54896,69,0.52,207,22,16,30,1.17,14,44,32,0.50,176,221,-0.62,519,19302,27,25,29,0.39,6546,10,9,11,-0.40,23,29,3459:1,1.18,33,42,2408:1,0.41,108,136,736:1,112,141,710:1,0.26,8763,73,68,79,0.62,899,89,82,95,-0.79,580,72.1,65.2,79.0,-1.27,851,77,0.64,10936,19325,56.6,53.2,60.0,0.52,2876,40165,7.2,-0.43,3540,22,17,27,0.05,92756,22265,4.2,-0.55,5501,16640,33,29,37,0.07,86,10.8,0.05,161,200,-0.11,214,54,46,61,0.47,12.1,0.66,516,1,-0.70,4125,13,12,14,-0.74,29213,36110,81,79,83,0.44,29213,29,27,31,-0.34
36013,New York,Chautauqua,1592,6970,6445,7495,1.15,607,16,12,21,0.47,582,4.4,3.4,5.3,0.90,593,4.1,3.0,5.2,0.85,,817,10003,8.2,7.6,8.7,0.83,607,24,19,29,0.68,26,22,31,-0.48,8.0,0.26,27,22,31,0.98,98154,73,0.26,577,21,16,26,0.76,22,77,29,0.18,556,416,0.48,1213,36948,33,31,35,1.12,10986,10,9,11,-0.41,68,51,1964:1,0.40,72,54,1848:1,-0.07,151,113,881:1,159,119,837:1,0.49,11088,52,47,56,-0.97,1172,84,79,90,0.84,732,68.2,62.2,74.2,-0.56,1729,80,-0.01,17723,29354,60.4,57.3,63.5,0.06,4867,61671,7.9,0.19,8092,30,24,35,1.27,80002,17376,4.6,0.04,10203,28335,36,33,39,0.47,229,17.1,-1.71,305,226,0.06,363,54,48,60,0.51,13.3,2.38,836,1,-0.72,7870,14,13,15,-0.52,45474,56944,80,79,81,0.37,45474,19,18,20,-1.33
36015,New York,Chemung,1084,6824,6204,7444,0.98,304,19,15,25,1.42,286,4.3,3.2,5.5,0.78,297,5.3,3.5,7.1,2.56,,592,7163,8.3,7.6,8.9,0.93,303,23,17,31,0.64,31,25,37,1.00,7.7,0.76,25,19,31,0.33,68046,77,0.01,298,16,10,23,-0.58,12,43,28,0.12,406,457,0.71,821,21267,39,36,41,1.83,6647,9,8,11,-0.90,64,72,1389:1,-0.34,45,51,1967:1,0.05,176,199,503:1,185,209,478:1,-0.46,9580,94,88,100,2.20,1072,83,77,88,1.49,652,76.2,69.5,82.9,-2.04,993,76,0.77,12521,21475,58.3,54.6,62.0,0.31,3233,39205,8.2,0.49,4793,26,20,31,0.60,93237,19724,4.7,0.20,6945,19254,36,32,40,0.48,105,11.8,-0.23,201,225,0.06,274,62,54,69,1.34,12.1,0.71,13773,15,0.39,5085,14,13,16,-0.50,32143,38315,84,83,85,0.63,32143,17,15,18,-1.52
36017,New York,Chenango,619,6585,5739,7431,0.69,238,10,7,14,-1.17,227,4.1,2.0,6.1,0.54,235,2.7,1.8,3.7,-1.15,,246,3692,6.7,5.9,7.5,-0.67,237,23,17,30,0.50,33,26,40,1.65,8.7,-0.90,27,21,34,1.05,37232,74,0.19,231,20,13,29,0.65,11,40,28,0.08,131,262,-0.38,397,12127,33,30,36,1.11,4609,11,10,12,0.09,24,48,2081:1,0.50,17,34,2912:1,0.68,80,162,619:1,81,164,611:1,0.02,6213,63,57,69,-0.13,706,84,77,90,1.19,425,60.9,53.5,68.4,0.77,751,82,-0.33,6127,11225,54.6,50.6,58.6,0.77,1770,24917,7.1,-0.48,2552,25,19,30,0.47,83064,19284,4.3,-0.36,3751,11042,34,29,39,0.20,57,11.4,-0.12,60,122,-0.61,120,48,39,56,-0.16,11.7,0.11,0,0,-0.78,2715,14,12,15,-0.63,15875,20827,76,75,78,0.14,15875,30,28,33,-0.24
36019,New York,Clinton,855,6194,5535,6852,0.24,313,15,11,20,0.04,309,3.3,2.5,4.1,-0.43,307,3.6,1.8,5.3,0.14,,408,5561,7.3,6.7,8.0,0.00,311,16,11,23,-0.70,33,27,39,1.56,7.6,0.92,26,21,32,0.75,56290,69,0.53,306,23,17,30,1.42,13,54,24,-0.26,290,355,0.14,482,23326,21,19,23,-0.37,6532,10,9,11,-0.45,56,69,1458:1,-0.22,42,51,1943:1,0.03,132,162,618:1,139,170,587:1,-0.05,9327,71,66,77,0.48,1323,90,85,96,-1.53,701,70.5,64.3,76.7,-0.98,1114,83,-0.44,10893,20610,52.9,49.1,56.6,0.98,3195,37045,8.6,0.81,3024,21,16,25,-0.23,95153,20364,4.7,0.13,5275,15142,35,30,40,0.32,70,8.6,0.67,83,100,-0.75,212,52,45,59,0.27,11.1,-0.77,4194,7,-0.23,4530,14,13,16,-0.49,26837,35055,77,75,79,0.16,26837,19,17,21,-1.33
36021,New York,Columbia,773,5937,5202,6673,-0.06,294,13,9,19,-0.36,290,3.5,2.3,4.7,-0.18,284,4.1,2.9,5.4,0.85,,301,3960,7.6,6.8,8.4,0.27,292,14,9,19,-1.16,26,21,31,-0.57,8.5,-0.57,22,17,28,-0.67,40400,64,0.81,285,23,17,31,1.50,7,36,19,-0.71,118,189,-0.80,314,13600,23,21,26,-0.08,5824,12,11,13,0.37,30,48,2083:1,0.51,25,40,2490:1,0.46,80,129,778:1,82,132,759:1,0.36,7984,61,55,66,-0.30,741,87,81,94,-0.30,578,68.2,61.4,74.9,-0.56,731,78,0.44,8280,13259,62.4,57.8,67.1,-0.19,1949,30832,6.3,-1.15,2032,18,13,23,-0.66,109961,25349,4.3,-0.32,4080,11859,34,29,40,0.26,62,9.9,0.29,92,147,-0.45,178,57,48,65,0.80,11.0,-0.91,0,0,-0.78,4000,16,14,17,-0.26,22941,29253,78,76,81,0.28,22941,34,31,37,0.13
36023,New York,Cortland,560,6574,5761,7388,0.68,164,17,11,27,0.84,161,3.3,2.1,4.6,-0.43,163,3.7,2.3,5.2,0.28,,274,3568,7.7,6.8,8.6,0.34,166,21,14,30,0.24,27,21,33,-0.26,8.2,-0.07,22,17,29,-0.59,35174,71,0.35,164,13,8,20,-1.32,6,19,32,0.47,234,473,0.80,329,18330,18,16,20,-0.71,3788,10,8,11,-0.77,26,53,1903:1,0.35,18,37,2721:1,0.59,111,227,441:1,117,239,419:1,-0.78,5079,103,94,112,2.84,541,89,81,96,-0.79,362,72.7,63.9,81.4,-1.38,585,80,0.08,6512,10872,59.9,55.2,64.6,0.12,1908,24138,7.9,0.20,1984,21,15,26,-0.20,90820,20558,4.4,-0.21,3791,9898,38,33,44,0.79,57,11.5,-0.15,68,137,-0.52,113,46,37,54,-0.35,11.9,0.36,0,0,-0.78,2900,16,14,18,-0.15,16950,22407,76,74,77,0.10,16950,31,28,34,-0.15
36025,New York,Delaware,634,6650,5744,7556,0.77,223,12,8,17,-0.82,216,2.8,1.9,3.8,-1.03,212,2.4,1.6,3.3,-1.57,,225,3080,7.3,6.4,8.2,-0.03,218,16,11,23,-0.72,26,21,32,-0.45,8.6,-0.73,28,22,35,1.51,27429,57,1.26,221,13,9,19,-1.34,13,42,31,0.41,78,165,-0.93,244,12343,20,17,22,-0.48,4393,12,11,14,0.61,20,42,2364:1,0.71,16,34,2920:1,0.69,47,101,994:1,49,105,954:1,0.65,6058,80,73,88,1.16,601,85,77,92,0.75,383,62.9,55.0,70.9,0.40,591,87,-1.12,5062,9301,54.4,49.9,59.0,0.79,1691,21113,8.0,0.29,2445,29,23,35,1.20,82065,19603,4.2,-0.52,2858,8854,32,27,38,-0.03,63,13.3,-0.65,67,140,-0.49,145,61,51,70,1.22,11.5,-0.23,860,4,-0.49,3130,16,14,17,-0.28,14817,20114,74,71,76,-0.03,14817,30,27,32,-0.31
36027,New York,Dutchess,2769,5289,4987,5591,-0.83,849,12,9,16,-0.68,832,3.0,2.5,3.5,-0.79,840,3.2,2.5,3.9,-0.43,,1450,20308,7.1,6.8,7.5,-0.19,846,14,11,17,-1.13,26,22,30,-0.42,8.3,-0.24,21,17,25,-1.25,255098,86,-0.58,824,19,15,23,0.32,30,110,27,0.05,829,279,-0.29,1079,82671,13,12,14,-1.31,25030,11,10,11,-0.34,226,76,1316:1,-0.49,198,67,1500:1,-0.55,648,218,458:1,687,231,432:1,-0.70,33993,55,53,58,-0.68,3724,88,85,91,-0.50,2510,66.6,63.4,69.8,-0.27,4005,80,0.07,47175,70440,67.0,64.7,69.2,-0.74,9786,144781,6.8,-0.78,7656,13,10,15,-1.51,133163,30182,4.4,-0.22,16160,63242,26,23,28,-0.95,212,7.1,1.07,669,235,0.12,698,47,44,51,-0.22,10.9,-0.98,33023,17,0.53,21190,20,19,21,0.51,105267,138506,76,75,77,0.12,105267,42,40,43,0.83
36029,New York,Erie,10598,6994,6790,7198,1.18,2795,13,12,15,-0.28,2744,3.9,3.4,4.3,0.30,2754,3.3,2.9,3.6,-0.29,,5718,68930,8.3,8.1,8.5,0.96,2786,16,14,18,-0.69,29,26,31,0.38,7.7,0.76,23,21,25,-0.44,872205,95,-1.17,2714,19,17,21,0.30,81,277,29,0.25,5088,554,1.25,5782,226408,26,25,26,0.22,64605,9,8,9,-1.33,732,80,1256:1,-0.62,708,77,1299:1,-0.94,1809,197,508:1,1868,203,492:1,-0.40,56222,43,41,44,-1.62,5096,85,83,88,0.58,3578,60.3,57.8,62.9,0.88,10841,80,0.02,158333,222146,71.3,69.9,72.7,-1.27,34219,461956,7.4,-0.22,43525,23,21,25,0.20,99150,19763,5.0,0.59,73017,193349,38,36,39,0.71,927,10.1,0.25,4315,468,1.63,2246,49,47,51,-0.02,12.9,1.80,1636,0,-0.76,60040,16,15,16,-0.22,345194,425057,81,81,82,0.46,345194,23,22,23,-0.98
36031,New York,Essex,445,5989,5092,6885,0.00,189,8,5,12,-1.77,187,2.4,1.5,3.3,-1.51,187,4.0,1.9,6.0,0.71,,201,2448,8.2,7.1,9.3,0.87,188,14,9,21,-1.09,27,21,33,-0.17,8.4,-0.40,24,18,31,0.06,39370,100,-1.49,182,18,12,27,0.19,9,26,35,0.77,62,159,-0.96,167,8278,20,17,23,-0.43,3537,12,11,13,0.50,16,41,2435:1,0.75,13,34,2982:1,0.71,52,134,745:1,55,142,705:1,0.25,5820,65,58,72,0.03,684,89,82,96,-0.81,437,69.6,61.7,77.4,-0.81,334,84,-0.63,5017,9262,54.2,49.3,59.1,0.82,1537,17660,8.7,0.88,1256,19,14,24,-0.48,90871,23082,3.9,-0.86,2377,7160,33,25,41,0.09,61,15.7,-1.30,48,122,-0.61,115,59,48,69,1.00,11.1,-0.81,7467,21,0.83,2550,16,14,18,-0.21,12832,17048,75,72,78,0.08,12832,27,24,30,-0.55
36033,New York,Franklin,570,6769,5932,7605,0.91,184,15,11,21,0.24,181,4.0,2.9,5.2,0.42,181,2.9,1.8,4.1,-0.86,,290,3679,7.9,7.0,8.8,0.55,184,19,13,27,-0.22,31,24,38,1.00,7.6,0.92,26,20,33,0.94,31598,61,0.99,178,21,13,30,0.79,7,29,24,-0.25,77,149,-1.02,364,11673,31,28,34,0.92,5472,14,13,16,1.60,37,71,1400:1,-0.32,17,33,3040:1,0.74,114,221,453:1,116,224,446:1,-0.63,5980,72,65,79,0.55,830,87,81,93,-0.17,454,68.7,61.1,76.3,-0.66,716,79,0.16,6779,14210,47.7,44.1,51.3,1.61,1988,22139,9.0,1.11,2914,29,23,35,1.18,88021,17311,5.1,0.68,3933,10345,38,32,44,0.75,46,8.9,0.58,54,105,-0.72,143,55,46,64,0.66,11.2,-0.57,13930,46,2.77,2970,16,14,18,-0.25,14723,19477,76,74,77,0.10,14723,21,18,23,-1.17
36035,New York,Fulton,670,6191,5461,6920,0.23,195,18,13,25,1.07,189,6.5,4.2,8.8,3.44,190,5.3,3.4,7.2,2.56,,291,3950,7.4,6.6,8.2,0.03,194,18,12,26,-0.33,29,23,37,0.60,7.9,0.43,23,18,30,-0.21,46241,83,-0.42,188,19,12,27,0.24,6,29,21,-0.59,157,286,-0.25,402,12988,31,28,34,0.89,5057,11,10,13,0.06,27,49,2034:1,0.47,16,29,3412:1,0.87,50,92,1092:1,52,95,1050:1,0.75,4480,92,83,101,2.03,492,87,79,95,-0.17,303,61.1,52.3,69.9,0.75,780,72,1.39,7123,13395,53.2,48.6,57.7,0.94,2367,25956,9.1,1.23,2777,25,19,31,0.54,89023,20365,4.4,-0.28,5345,11551,46,40,52,1.87,58,10.6,0.12,79,142,-0.48,119,43,35,51,-0.64,11.3,-0.49,1009,3,-0.54,3660,16,14,18,-0.20,19263,23639,81,80,83,0.47,19263,28,25,31,-0.49
36037,New York,Genesee,666,6561,5799,7324,0.67,209,12,8,17,-0.68,209,4.0,2.6,5.4,0.42,209,4.2,2.5,5.8,0.99,,273,4499,6.1,5.4,6.8,-1.27,209,18,13,26,-0.28,29,23,36,0.54,8.7,-0.90,24,18,31,-0.02,40356,67,0.61,199,18,11,28,0.16,14,49,29,0.18,176,293,-0.21,351,15389,23,20,25,-0.11,5411,11,10,12,-0.02,20,33,2999:1,1.03,21,35,2831:1,0.64,71,119,837:1,74,124,803:1,0.44,3786,71,63,79,0.45,384,85,76,94,0.56,197,58.9,48.2,69.6,1.15,801,84,-0.54,9033,14140,63.9,59.6,68.1,-0.37,2119,31558,6.7,-0.81,2368,19,16,23,-0.43,92888,23067,4.0,-0.74,3681,12835,29,24,33,-0.52,79,13.2,-0.61,104,172,-0.29,166,55,47,64,0.66,12.7,1.48,0,0,-0.78,3195,13,12,15,-0.68,24129,28803,84,83,85,0.62,24129,31,29,33,-0.16
36039,New York,Greene,672,7841,6853,8828,2.17,204,11,7,17,-0.99,203,4.0,2.2,5.8,0.42,201,2.5,1.6,3.4,-1.43,,287,3117,9.2,8.2,10.2,1.87,207,27,19,36,1.25,30,24,37,0.85,8.1,0.10,27,21,34,1.21,36814,75,0.12,199,19,12,29,0.38,12,49,24,-0.22,137,282,-0.28,239,10152,24,21,27,-0.02,4149,11,10,13,0.09,17,35,2863:1,0.97,17,35,2850:1,0.65,34,70,1425:1,36,74,1346:1,0.97,6168,62,55,68,-0.22,660,84,77,91,1.17,466,60.1,53.0,67.1,0.93,643,78,0.34,5679,10863,52.3,47.3,57.2,1.05,1896,23133,8.2,0.45,1797,22,16,27,-0.05,97719,21599,4.5,-0.07,2833,8771,32,27,38,-0.03,51,10.5,0.14,102,207,-0.06,144,59,49,68,1.01,11.2,-0.64,3792,14,0.29,3305,17,15,20,0.08,15561,19377,80,78,83,0.40,15561,35,32,39,0.25
36041,New York,Hamilton,83,8193,6526,10157,2.58,,,,,0.00,,,,,0.00,,,,,0.00,,10,239,4.2,,,-3.00,,,,,0.00,27,20,34,-0.23,8.5,-0.57,24,17,33,0.10,4836,100,-1.49,,,,,0.00,2,4,50,2.27,14,293,-0.21,13,821,16,,,-0.97,450,13,11,14,0.77,1,21,4778:1,1.47,,,,0.00,1,21,4773:1,1,21,4773:1,1.54,1589,46,35,57,-1.37,159,91,76,100,-1.84,118,78.0,62.0,93.9,-2.36,,,0.00,514,850,60.5,49.9,71.0,0.05,229,2890,7.9,0.22,158,22,16,28,-0.01,95800,24921,3.8,-0.99,178,816,22,14,29,-1.45,12,25.1,-3.00,2,41,-1.13,20,83,51,128,3.00,11.3,-0.43,290,9,-0.08,215,9,7,12,-1.41,1499,1923,78,74,82,0.25,1499,34,27,41,0.15
36043,New York,Herkimer,699,5689,4989,6388,-0.36,226,14,8,23,-0.05,223,3.1,2.1,4.0,-0.67,223,4.5,2.9,6.1,1.42,,318,4604,6.9,6.2,7.6,-0.43,226,19,13,28,-0.11,31,25,37,1.09,8.1,0.10,24,19,31,0.10,42360,66,0.71,217,19,13,27,0.30,9,32,28,0.14,186,288,-0.24,411,16595,25,22,27,0.13,5890,11,10,12,0.09,28,43,2304:1,0.67,20,31,3209:1,0.80,27,42,2377:1,30,47,2139:1,1.26,6785,79,73,86,1.07,660,88,81,95,-0.46,426,68.3,60.5,76.2,-0.58,883,78,0.42,8762,14434,60.7,56.8,64.7,0.02,2443,30204,8.1,0.36,3388,25,20,30,0.58,84791,19470,4.4,-0.30,4653,13840,34,29,38,0.15,78,12.1,-0.31,144,239,0.15,156,48,41,56,-0.07,11.5,-0.18,8743,22,0.93,3620,14,12,15,-0.61,22844,28165,81,79,83,0.45,22844,31,28,33,-0.21
36045,New York,Jefferson,1131,6490,5989,6991,0.58,402,14,11,18,-0.08,399,3.9,3.0,4.8,0.30,397,3.6,2.6,4.6,0.14,,978,14106,6.9,6.5,7.4,-0.40,399,26,21,32,1.12,30,24,36,0.66,7.5,1.09,26,21,32,0.90,81627,70,0.42,389,20,15,26,0.62,22,72,31,0.37,641,533,1.13,1145,25423,45,42,48,2.62,11176,11,10,12,-0.02,54,45,2227:1,0.62,96,80,1245:1,-1.07,164,137,729:1,171,143,699:1,0.24,10232,64,59,69,-0.02,1269,88,83,93,-0.48,715,70.8,64.6,76.9,-1.04,1356,81,-0.03,20050,33422,60.0,56.9,63.1,0.11,4570,47856,9.5,1.60,6593,23,17,28,0.12,86140,21265,4.1,-0.71,9724,29569,33,29,37,0.05,119,9.9,0.30,203,176,-0.27,311,53,47,59,0.44,11.8,0.28,2648,2,-0.60,6920,15,14,17,-0.28,39979,52949,76,74,77,0.09,39979,19,18,21,-1.28
36047,New York,Kings,22143,5788,5689,5888,-0.24,3813,18,17,20,1.16,3677,3.8,3.5,4.1,0.18,3725,3.6,3.2,3.9,0.14,,24521,292853,8.4,8.3,8.5,1.04,3807,14,12,16,-1.11,23,21,24,-1.47,6.8,2.25,25,24,27,0.52,2403961,96,-1.23,3630,14,12,16,-1.15,54,389,14,-1.25,19224,749,2.35,16970,581110,29,29,30,0.67,341870,15,15,16,2.15,1567,61,1637:1,0.04,1550,60,1672:1,-0.29,3992,154,649:1,4161,161,623:1,0.05,159901,65,64,66,0.03,19789,86,85,87,0.27,9843,57.9,56.4,59.4,1.33,22580,65,2.63,486634,787640,61.8,61.1,62.4,-0.11,108363,1155342,9.4,1.45,198970,33,31,35,1.90,101894,15991,6.4,2.41,232429,594964,39,38,40,0.89,1158,4.5,1.79,16052,633,2.69,4146,33,32,34,-1.70,10.8,-1.15,,,0.00,312540,34,34,35,3.19,209841,1090609,19,19,20,-3.52,209841,54,53,55,2.01
36049,New York,Lewis,269,5887,4840,6934,-0.12,141,17,10,26,0.67,135,3.7,2.4,5.0,0.06,137,3.7,1.8,5.7,0.28,,144,2294,6.3,5.3,7.3,-1.06,141,20,13,30,0.02,27,21,34,-0.08,8.0,0.26,25,18,32,0.21,14936,55,1.39,139,20,13,31,0.68,12,20,60,3.25,67,246,-0.48,194,6713,29,25,33,0.64,2831,12,11,14,0.66,16,59,1702:1,0.12,5,18,5430:1,1.29,54,199,503:1,54,199,503:1,-0.35,3035,73,63,82,0.59,358,89,80,99,-1.12,246,69.5,59.1,79.9,-0.80,377,83,-0.38,3022,6222,48.6,43.5,53.6,1.50,1167,12210,9.6,1.61,1447,23,17,29,0.17,86140,22012,3.9,-0.89,1488,6355,23,19,28,-1.24,46,16.9,-1.64,25,93,-0.80,79,58,46,73,0.98,11.7,0.12,700,7,-0.28,1410,13,11,15,-0.68,9465,11677,81,79,83,0.45,9465,31,28,34,-0.20
36051,New York,Livingston,621,5610,4942,6278,-0.45,238,10,6,16,-1.22,235,2.6,1.6,3.6,-1.27,237,1.6,0.8,2.3,-2.71,,246,4071,6.0,5.3,6.8,-1.29,236,17,12,24,-0.54,28,22,35,0.11,8.0,0.26,22,18,28,-0.59,45034,69,0.50,233,11,7,16,-1.94,12,43,28,0.12,139,215,-0.65,255,21045,12,11,14,-1.42,4735,9,8,11,-0.88,31,48,2091:1,0.51,29,45,2231:1,0.28,41,63,1578:1,43,66,1505:1,1.05,3163,55,47,63,-0.69,295,87,76,97,-0.08,186,65.1,53.5,76.6,0.01,790,88,-1.29,8589,14348,59.9,55.7,64.0,0.12,2364,31861,7.4,-0.21,2151,18,14,21,-0.69,96350,22491,4.3,-0.39,4225,12722,33,28,38,0.09,81,12.5,-0.42,50,76,-0.91,166,51,43,59,0.19,12.5,1.29,3955,8,-0.19,3200,13,11,15,-0.70,23993,30006,80,78,81,0.38,23993,42,39,44,0.84
36053,New York,Madison,711,5280,4682,5878,-0.84,243,15,10,21,0.15,239,3.2,2.3,4.2,-0.55,241,3.7,2.3,5.1,0.28,,320,5006,6.4,5.7,7.1,-0.94,241,22,15,32,0.46,28,22,35,0.23,8.4,-0.40,23,18,29,-0.36,37533,51,1.64,237,15,10,21,-0.88,6,43,14,-1.25,151,209,-0.69,403,24828,16,15,18,-0.92,5465,10,8,11,-0.84,42,58,1723:1,0.15,24,33,3016:1,0.73,93,128,778:1,94,130,770:1,0.38,7351,56,51,62,-0.61,727,85,78,91,0.73,521,74.5,67.1,81.9,-1.72,951,86,-0.92,9610,15549,61.8,57.7,65.9,-0.11,2740,35315,7.8,0.08,2817,19,15,24,-0.43,96987,24031,4.0,-0.73,4289,15078,28,24,33,-0.55,72,9.9,0.28,53,75,-0.92,182,50,43,57,0.08,11.7,0.16,218,1,-0.72,3015,11,10,13,-1.07,26385,32309,82,80,83,0.49,26385,36,33,38,0.27
36055,New York,Monroe,6968,5763,5563,5963,-0.27,2329,17,14,19,0.64,2284,3.6,3.1,4.1,-0.06,2284,3.4,3.0,3.9,-0.15,,5031,60158,8.4,8.1,8.6,1.03,2318,18,16,20,-0.33,29,26,32,0.35,7.6,0.92,21,19,24,-1.05,701664,94,-1.12,2255,15,13,18,-0.66,65,194,34,0.66,5000,669,1.90,5261,197471,27,26,27,0.36,56095,9,8,10,-1.09,752,101,994:1,-1.36,551,74,1360:1,-0.81,1425,190,526:1,1474,197,509:1,-0.33,31815,57,55,60,-0.56,2927,86,83,89,0.22,1941,58.5,55.1,61.9,1.22,10083,79,0.31,133312,184968,72.1,70.6,73.5,-1.37,25888,368557,7.0,-0.55,36393,23,20,25,0.14,102474,21507,4.8,0.25,65132,164193,40,38,41,0.97,656,8.8,0.61,2716,363,0.95,1737,47,45,49,-0.26,12.5,1.24,0,0,-0.78,50970,17,17,18,0.07,282238,346037,82,81,82,0.48,282238,18,17,18,-1.46
36057,New York,Montgomery,563,6154,5373,6935,0.19,193,12,8,18,-0.62,189,3.5,2.0,4.9,-0.18,191,3.3,2.0,4.6,-0.29,,294,4265,6.9,6.1,7.7,-0.44,192,31,21,42,1.97,27,22,34,-0.08,6.3,3.08,23,18,30,-0.21,22901,46,2.00,191,18,11,27,0.00,3,27,11,-1.52,131,262,-0.38,444,11432,39,35,43,1.86,4649,11,10,13,0.09,31,62,1611:1,0.01,31,62,1610:1,-0.37,38,76,1313:1,41,82,1217:1,0.89,5595,62,56,68,-0.18,510,84,76,92,1.13,316,64.2,55.4,73.1,0.16,610,71,1.60,6501,11843,54.9,50.4,59.3,0.73,2131,23452,9.1,1.21,3165,29,22,35,1.10,85847,18600,4.6,0.05,4487,11513,39,34,44,0.88,53,10.6,0.10,64,129,-0.57,130,52,43,61,0.31,11.3,-0.46,0,0,-0.78,3200,16,14,18,-0.20,16824,21066,80,78,82,0.37,16824,35,32,38,0.20
36059,New York,Nassau,10325,4407,4278,4537,-1.86,2834,11,10,13,-0.85,2769,3.1,2.7,3.5,-0.67,2790,2.7,2.4,3.0,-1.15,,8263,102527,8.1,7.9,8.2,0.72,2818,12,11,14,-1.44,22,20,25,-1.56,9.6,-2.39,23,21,25,-0.36,1328599,99,-1.44,2740,16,14,18,-0.61,109,456,24,-0.28,3178,236,-0.53,3542,319216,11,11,12,-1.55,111382,10,9,11,-0.62,1988,147,679:1,-3.02,1525,113,887:1,-2.30,3329,246,406:1,3526,261,383:1,-1.01,156973,55,54,56,-0.69,13312,85,84,87,0.50,9780,64.4,62.8,66.0,0.13,16947,90,-1.63,233001,318936,73.1,71.9,74.2,-1.49,41434,697676,5.9,-1.47,27137,9,8,11,-2.12,178506,40791,4.4,-0.27,61532,306010,20,19,21,-1.69,1015,7.5,0.96,2333,173,-0.28,2587,39,37,40,-1.10,10.6,-1.42,20250,1,-0.67,100090,23,22,23,1.02,445204,638623,70,69,70,-0.28,445204,43,42,44,0.95
36061,New York,New York,12076,4409,4296,4522,-1.86,4314,16,14,17,0.33,4181,3.6,3.3,4.0,-0.06,4197,3.5,3.2,3.9,0.00,,12206,141313,8.6,8.5,8.8,1.30,4307,13,12,14,-1.29,15,13,16,-3.94,7.6,0.92,16,15,17,-3.05,1554503,98,-1.37,4118,21,19,23,0.82,28,227,12,-1.41,11777,727,2.22,6402,282628,23,22,23,-0.13,153534,11,11,12,0.13,2223,137,728:1,-2.66,2708,167,601:1,-4.34,10770,662,151:1,11171,687,146:1,-5.54,143744,47,46,48,-1.30,10076,81,79,83,2.20,10353,61.6,60.1,63.1,0.65,16524,67,2.31,489228,592744,82.5,81.5,83.6,-2.65,68658,949131,7.2,-0.37,62281,27,23,30,0.78,177685,20591,8.6,5.45,99302,234191,42,41,44,1.34,2070,12.8,-0.50,9903,620,2.61,2512,31,30,33,-1.86,10.8,-1.12,,,0.00,184780,25,25,26,1.50,53977,838217,6,6,7,-4.35,53977,63,59,66,2.84
36063,New York,Niagara,2642,6824,6429,7219,0.98,716,14,11,18,0.01,703,4.2,3.4,5.0,0.66,709,4.2,3.3,5.1,0.99,,1265,15468,8.2,7.7,8.6,0.84,711,23,19,28,0.57,30,26,35,0.82,7.9,0.43,24,20,28,-0.10,189055,87,-0.68,693,18,14,22,0.05,26,94,28,0.09,922,429,0.55,1398,52314,27,25,28,0.37,17383,10,9,11,-0.69,91,42,2364:1,0.71,113,53,1896:1,-0.02,201,94,1066:1,207,97,1035:1,0.73,15482,76,72,81,0.86,1748,86,82,91,0.12,1068,63.3,58.5,68.1,0.34,2693,83,-0.52,32786,50299,65.2,62.6,67.8,-0.53,8815,109993,8.0,0.29,8466,20,16,23,-0.39,93301,19985,4.7,0.12,16917,45166,37,35,40,0.67,228,10.6,0.10,819,378,1.04,602,56,51,60,0.71,12.8,1.68,0,0,-0.78,12485,14,13,15,-0.54,82860,96809,86,85,86,0.74,82860,27,26,29,-0.51
36065,New York,Oneida,2629,6362,5989,6736,0.43,768,14,11,17,-0.13,748,4.0,3.2,4.8,0.42,748,4.1,3.2,5.1,0.85,,1486,18305,8.1,7.7,8.5,0.78,765,23,20,28,0.61,29,24,33,0.32,7.9,0.43,28,23,32,1.40,176193,75,0.11,748,14,11,18,-1.12,23,90,26,-0.11,751,322,-0.05,1778,58198,31,29,32,0.84,19922,11,10,12,-0.18,177,76,1320:1,-0.48,128,55,1825:1,-0.10,285,122,820:1,314,134,744:1,0.33,26088,69,66,72,0.30,2738,85,82,89,0.45,1676,69.2,65.2,73.2,-0.75,2994,81,-0.11,33277,55384,60.1,57.8,62.4,0.10,8119,104805,7.7,0.07,12504,26,21,30,0.62,93355,20060,4.7,0.10,18975,50160,38,36,40,0.72,267,11.4,-0.13,578,245,0.19,518,44,40,48,-0.52,11.7,0.09,2101,1,-0.70,13320,15,14,15,-0.45,83379,101294,82,82,83,0.53,83379,20,19,21,-1.22
36067,New York,Onondaga,4561,5833,5584,6083,-0.19,1368,13,11,15,-0.36,1331,3.3,2.8,3.8,-0.43,1354,3.7,3.1,4.3,0.28,,3004,38126,7.9,7.6,8.1,0.54,1364,16,14,19,-0.67,27,23,31,-0.17,7.8,0.59,24,21,28,0.17,430702,92,-0.99,1326,19,16,22,0.24,52,159,33,0.58,2524,541,1.18,3492,128363,27,26,28,0.43,37117,10,9,10,-0.79,442,95,1056:1,-1.15,336,72,1394:1,-0.74,854,182,548:1,905,193,518:1,-0.29,47369,56,54,58,-0.66,4494,90,88,93,-1.56,3010,71.0,68.0,74.0,-1.07,6035,79,0.22,79299,113607,69.8,68.1,71.5,-1.09,15915,226141,7.0,-0.54,21778,21,19,24,-0.08,105750,21360,5.0,0.50,38692,104632,37,35,39,0.61,504,10.8,0.05,1673,357,0.91,1272,55,52,58,0.58,12.0,0.49,100554,18,0.63,27825,15,15,16,-0.34,172056,215514,80,79,81,0.37,172056,17,16,17,-1.53
36069,New York,Ontario,1141,5782,5237,6327,-0.25,375,8,5,11,-1.94,370,2.4,1.7,3.0,-1.51,375,3.4,2.2,4.6,-0.15,,495,7508,6.6,6.0,7.2,-0.74,374,15,10,20,-1.00,29,23,35,0.48,8.8,-1.06,18,14,23,-2.20,91792,85,-0.53,363,16,11,21,-0.55,8,63,13,-1.37,274,253,-0.44,500,27134,18,17,20,-0.65,7656,9,8,10,-1.29,90,83,1206:1,-0.73,56,51,1948:1,0.04,161,148,678:1,167,153,653:1,0.13,6876,53,47,58,-0.88,569,84,76,92,1.02,452,60.8,53.6,68.0,0.79,1519,88,-1.24,17373,24242,71.7,68.0,75.4,-1.32,3702,56437,6.6,-0.95,3018,13,10,17,-1.42,106242,26024,4.1,-0.66,7063,23605,30,26,34,-0.35,112,10.3,0.18,143,132,-0.55,269,50,44,56,0.09,12.4,1.05,2920,3,-0.53,5745,13,12,15,-0.70,42439,52228,81,80,83,0.46,42439,33,31,35,0.03
36071,New York,Orange,3295,5661,5391,5932,-0.39,894,17,13,21,0.73,868,3.4,2.8,4.0,-0.30,880,3.1,2.6,3.6,-0.58,,2632,36762,7.2,6.9,7.4,-0.18,892,21,17,25,0.11,25,21,28,-0.91,8.4,-0.40,25,21,29,0.21,312378,84,-0.45,862,21,16,26,0.82,58,187,31,0.42,1079,288,-0.24,2186,96657,23,22,24,-0.13,35101,11,10,12,-0.10,266,71,1408:1,-0.31,244,65,1539:1,-0.48,633,169,593:1,675,180,556:1,-0.15,35108,60,58,63,-0.32,4259,87,85,90,-0.36,2725,62.3,59.3,65.3,0.52,5558,84,-0.65,57276,92000,62.3,60.2,64.3,-0.17,12503,174406,7.2,-0.43,20727,21,18,24,-0.11,133064,28126,4.7,0.21,23407,99563,24,22,25,-1.22,274,7.3,1.01,1021,277,0.39,799,43,40,46,-0.66,11.1,-0.70,35871,12,0.11,27875,22,21,23,0.97,123906,170241,73,72,74,-0.08,123906,43,42,45,0.99
36073,New York,Orleans,478,6435,5512,7358,0.52,136,19,12,29,1.36,134,5.0,2.7,7.3,1.63,134,3.4,2.0,4.8,-0.15,,208,2968,7.0,6.1,7.9,-0.33,135,29,20,39,1.62,31,24,38,0.97,7.9,0.43,27,20,34,1.09,31661,74,0.19,132,13,7,23,-1.23,5,25,20,-0.66,157,367,0.20,296,10730,28,24,31,0.48,3895,11,10,13,0.18,8,19,5355:1,1.55,8,19,5279:1,1.27,17,40,2484:1,18,43,2346:1,1.31,2449,103,90,116,2.85,314,85,75,95,0.74,179,58.7,47.4,69.9,1.19,623,86,-0.92,5027,10321,48.7,44.2,53.2,1.49,1716,19112,9.0,1.11,2098,25,19,30,0.47,88463,21711,4.1,-0.68,3652,9007,41,34,47,1.09,57,13.3,-0.65,74,173,-0.28,98,46,37,56,-0.36,12.7,1.45,1300,0,-0.76,2595,16,14,19,-0.13,14176,17110,83,81,85,0.56,14176,38,34,42,0.53
36075,New York,Oswego,1342,6027,5552,6502,0.04,411,16,12,21,0.59,403,3.9,2.9,4.9,0.30,404,3.5,2.7,4.3,0.00,,652,9556,6.8,6.3,7.3,-0.51,414,30,24,36,1.80,33,27,39,1.68,8.1,0.10,27,22,33,1.13,78658,64,0.79,405,22,17,29,1.28,24,85,28,0.15,254,209,-0.69,1066,37089,29,27,31,0.62,10473,10,9,11,-0.40,43,35,2830:1,0.96,48,40,2524:1,0.48,117,97,1036:1,123,102,985:1,0.68,11388,75,70,80,0.73,1380,90,85,95,-1.34,859,69.0,63.5,74.6,-0.72,1925,77,0.50,15160,28388,53.4,50.5,56.3,0.91,5395,56907,9.5,1.54,7192,28,23,33,0.97,91250,20685,4.4,-0.22,9662,27152,36,32,39,0.42,114,9.4,0.45,189,156,-0.39,345,57,51,63,0.79,12.0,0.53,31731,43,2.54,7095,16,14,17,-0.27,41289,51599,80,79,82,0.38,41289,37,35,38,0.36
36077,New York,Otsego,659,5839,5094,6584,-0.18,264,14,10,20,-0.10,256,4.4,2.5,6.3,0.90,260,4.0,2.7,5.3,0.71,,243,3711,6.5,5.8,7.3,-0.79,264,18,13,24,-0.43,25,20,31,-0.70,7.7,0.76,23,18,29,-0.40,42055,68,0.59,257,18,12,26,0.16,4,21,19,-0.75,177,287,-0.25,245,22868,11,9,12,-1.60,5170,11,10,12,0.02,64,104,964:1,-1.47,29,47,2127:1,0.20,98,159,629:1,101,164,611:1,0.02,8204,65,60,71,0.05,757,85,78,91,0.70,610,68.9,62.3,75.4,-0.68,741,77,0.48,7338,11990,61.2,57.1,65.3,-0.04,2160,31076,7.0,-0.61,2235,22,17,26,-0.05,87900,20602,4.3,-0.42,3759,11022,34,29,39,0.22,79,12.8,-0.51,110,176,-0.26,142,46,38,53,-0.36,11.5,-0.18,1862,6,-0.31,4210,17,15,19,0.00,19937,28068,71,69,73,-0.20,19937,28,26,31,-0.42
36079,New York,Putnam,835,4453,3961,4945,-1.81,281,6,4,9,-2.32,278,2.4,1.7,3.2,-1.51,273,2.2,1.6,2.8,-1.86,,534,6632,8.1,7.4,8.7,0.72,281,10,7,14,-1.88,29,24,36,0.60,9.3,-1.89,22,17,29,-0.63,88062,88,-0.74,275,23,16,33,1.47,8,41,20,-0.70,109,109,-1.24,128,23066,6,5,7,-2.23,7875,9,8,10,-0.93,55,55,1811:1,0.25,54,54,1845:1,-0.07,245,246,407:1,252,253,395:1,-0.93,11393,60,56,65,-0.32,1165,85,80,91,0.43,939,64.5,59.4,69.7,0.11,1408,90,-1.67,16727,23553,71.0,67.0,75.0,-1.24,3121,53460,5.8,-1.56,1447,7,5,8,-2.52,165232,39401,4.2,-0.52,3503,22791,15,12,18,-2.33,66,6.6,1.21,58,59,-1.02,194,39,33,44,-1.07,10.9,-1.07,0,0,-0.78,7125,20,18,22,0.61,37212,49161,76,74,77,0.10,37212,57,54,59,2.28
36081,New York,Queens,17026,4616,4518,4714,-1.62,3455,18,16,20,0.96,3332,3.3,3.0,3.6,-0.43,3355,3.5,3.1,4.0,0.00,,17689,215415,8.2,8.1,8.3,0.88,3446,13,12,15,-1.24,24,22,26,-1.16,8.1,0.10,27,25,29,1.21,2130241,95,-1.20,3276,15,12,18,-0.85,71,405,18,-0.90,12777,562,1.30,10469,461519,23,22,23,-0.13,379048,19,19,20,4.28,1505,66,1510:1,-0.14,1604,70,1432:1,-0.67,2769,121,829:1,2910,127,789:1,0.41,152336,57,56,58,-0.55,16233,86,84,87,0.37,9401,56.1,54.6,57.6,1.65,19879,70,1.74,430176,694359,62.0,61.2,62.7,-0.13,88990,1147536,7.8,0.07,99825,22,19,24,-0.05,111006,23038,4.8,0.33,152071,461422,33,32,34,0.06,1062,4.7,1.75,14234,633,2.69,3374,30,29,31,-1.99,10.7,-1.29,,,0.00,250695,32,32,33,2.83,332554,1044049,32,31,32,-2.71,332554,55,54,56,2.15
36083,New York,Rensselaer,1694,5877,5462,6293,-0.14,522,17,12,22,0.61,513,3.6,2.7,4.4,-0.06,519,3.6,2.8,4.4,0.14,,879,12187,7.2,6.8,7.7,-0.12,520,19,15,24,-0.24,25,20,30,-0.82,8.1,0.10,22,18,27,-0.59,116431,73,0.24,503,22,16,29,1.09,12,60,20,-0.66,497,311,-0.11,995,38699,26,24,27,0.25,12084,9,8,10,-1.05,79,49,2023:1,0.46,68,43,2352:1,0.37,218,136,734:1,223,139,717:1,0.28,13127,57,53,61,-0.54,1370,88,83,93,-0.61,904,62.6,57.5,67.8,0.46,1781,83,-0.50,27415,39762,68.9,66.0,71.9,-0.99,5570,82425,6.8,-0.78,6662,21,17,24,-0.20,111053,24816,4.5,-0.14,11709,32943,36,32,39,0.41,148,9.3,0.48,492,310,0.60,332,42,37,46,-0.78,10.9,-0.98,29381,28,1.34,10045,16,15,17,-0.23,62246,77862,80,79,81,0.38,62246,29,28,31,-0.33
36085,New York,Richmond,4550,5668,5429,5906,-0.38,936,12,9,14,-0.82,920,3.3,2.7,3.9,-0.43,918,3.9,3.2,4.6,0.57,,3243,40032,8.1,7.8,8.4,0.77,930,18,15,22,-0.32,28,24,32,0.08,8.8,-1.06,28,24,31,1.36,462953,99,-1.41,895,17,14,21,-0.17,21,89,24,-0.31,1518,323,-0.05,2016,110283,18,18,19,-0.67,39749,10,9,11,-0.67,437,93,1077:1,-1.08,304,64,1555:1,-0.46,799,169,592:1,843,178,561:1,-0.14,34198,56,53,58,-0.67,3866,86,83,89,0.22,2788,60.8,57.9,63.7,0.80,4468,75,0.90,82834,124573,66.5,64.7,68.3,-0.69,18990,243573,7.8,0.11,20022,19,16,22,-0.48,136633,26975,5.1,0.66,29409,107481,27,25,29,-0.70,199,4.2,1.87,2963,633,2.69,1010,43,41,46,-0.63,10.9,-0.97,4135500,50,3.06,39330,24,23,25,1.28,113001,203179,56,55,57,-1.19,113001,48,46,49,1.42
36087,New York,Rockland,2260,4294,4040,4548,-1.99,644,12,9,16,-0.71,631,2.5,2.0,3.0,-1.39,630,2.8,2.0,3.6,-1.00,,2201,34436,6.4,6.1,6.6,-0.94,640,9,6,12,-2.11,24,20,28,-1.19,8.5,-0.57,24,20,28,-0.13,297138,95,-1.19,616,11,8,16,-1.73,17,74,23,-0.37,828,261,-0.39,1213,78522,15,15,16,-1.01,28949,11,10,12,-0.18,304,96,1045:1,-1.18,321,100,1000:1,-1.82,709,221,453:1,747,233,430:1,-0.71,35361,52,50,54,-0.94,3693,89,86,92,-0.82,2553,66.8,63.6,70.0,-0.30,3526,87,-1.17,48222,73214,65.9,63.7,68.0,-0.61,9339,157556,5.9,-1.48,21725,25,21,28,0.45,161596,32577,5.0,0.52,14396,87620,16,15,18,-2.18,313,9.9,0.31,501,160,-0.37,453,29,26,32,-2.12,10.9,-0.97,135444,45,2.68,24790,25,24,26,1.51,99458,139763,71,70,72,-0.19,99458,40,38,42,0.69
36089,New York,St. Lawrence,1310,6778,6196,7360,0.92,460,19,15,24,1.30,456,5.1,4.0,6.2,1.75,451,4.3,3.3,5.2,1.14,,626,8387,7.5,6.9,8.0,0.13,459,27,21,33,1.25,29,24,35,0.60,7.6,0.92,26,21,31,0.75,71418,64,0.83,447,23,17,29,1.31,24,56,43,1.58,237,211,-0.67,768,34233,22,21,24,-0.16,10378,12,11,13,0.54,61,54,1840:1,0.28,42,38,2666:1,0.56,144,129,778:1,149,133,751:1,0.35,12678,81,76,86,1.18,1674,89,84,94,-0.97,950,72.0,66.6,77.4,-1.26,1385,76,0.69,14530,25633,56.7,53.7,59.7,0.51,4461,47991,9.3,1.38,6726,30,24,35,1.30,84584,18135,4.7,0.12,8002,22927,35,31,39,0.32,123,11.0,0.00,136,123,-0.61,289,52,46,58,0.27,11.4,-0.26,4139,6,-0.29,6550,16,14,17,-0.25,33607,44070,76,75,77,0.14,33607,24,22,26,-0.82
36091,New York,Saratoga,1890,4504,4181,4827,-1.75,735,12,9,16,-0.65,721,3.1,2.5,3.7,-0.67,728,2.6,1.9,3.3,-1.29,,1058,15888,6.7,6.3,7.0,-0.68,735,16,13,20,-0.70,26,22,31,-0.45,8.9,-1.23,23,19,27,-0.44,195167,89,-0.78,713,20,17,25,0.71,17,91,19,-0.79,452,204,-0.71,689,50105,14,13,15,-1.22,13599,7,6,8,-2.02,173,78,1284:1,-0.55,133,59,1683:1,-0.27,286,128,783:1,304,136,736:1,0.32,19837,50,47,54,-1.05,1934,88,84,92,-0.59,1479,68.0,63.8,72.2,-0.52,2602,87,-1.17,42904,56302,76.2,73.4,79.0,-1.87,6981,118077,5.9,-1.50,4600,10,8,12,-2.02,124247,30855,4.0,-0.74,11021,48488,23,21,25,-1.33,182,8.2,0.77,143,65,-0.98,402,37,33,40,-1.32,11.1,-0.80,18002,10,-0.03,10680,12,11,13,-0.89,92567,111230,83,82,84,0.59,92567,36,35,38,0.32
36093,New York,Schenectady,1535,6036,5592,6480,0.05,470,15,12,20,0.30,468,3.8,2.8,4.9,0.18,461,2.5,1.8,3.3,-1.43,,1137,13092,8.7,8.2,9.2,1.35,470,18,13,24,-0.37,27,22,32,-0.26,7.6,0.92,24,20,29,0.10,142831,92,-1.00,458,15,11,21,-0.69,5,27,19,-0.80,737,475,0.81,1038,36860,28,26,30,0.55,11731,9,8,10,-1.08,108,70,1436:1,-0.26,115,74,1351:1,-0.83,270,174,575:1,282,182,551:1,-0.17,14463,44,40,47,-1.55,1199,87,82,93,-0.30,870,64.3,58.9,69.6,0.16,2185,78,0.34,24832,38449,64.6,61.6,67.6,-0.45,5177,75069,6.9,-0.66,8038,24,20,28,0.32,105682,22229,4.8,0.24,12334,34714,36,32,39,0.41,134,8.6,0.65,710,457,1.55,309,40,36,45,-0.96,11.2,-0.66,214,0,-0.77,9515,16,15,18,-0.12,58873,72802,81,80,82,0.43,58873,33,31,35,-0.01
36095,New York,Schoharie,335,5801,4745,6856,-0.23,151,10,6,15,-1.40,147,3.2,1.4,5.0,-0.55,147,3.2,1.8,4.7,-0.43,,132,2019,6.5,5.5,7.6,-0.80,150,25,17,37,1.01,27,20,33,-0.29,8.5,-0.57,25,18,32,0.21,15047,46,1.98,147,12,7,21,-1.51,4,11,36,0.94,53,165,-0.93,153,9911,15,13,18,-1.02,2675,11,9,12,-0.27,8,25,4012:1,1.33,10,31,3184:1,0.79,29,91,1098:1,31,97,1027:1,0.73,4243,62,54,69,-0.22,483,86,78,95,0.09,314,64.0,55.2,72.9,0.20,454,80,0.03,4107,7092,57.9,52.8,63.0,0.36,1262,15180,8.3,0.55,1123,19,14,24,-0.51,97791,22094,4.4,-0.20,1781,6281,28,23,33,-0.57,29,9.0,0.54,17,52,-1.07,64,39,30,50,-1.04,11.3,-0.50,1883,16,0.44,1760,14,12,16,-0.60,11301,14307,79,77,81,0.31,11301,47,43,50,1.33
36097,New York,Schuyler,229,4953,3938,5967,-1.22,86,15,8,26,0.18,86,6.0,2.6,9.5,2.84,84,4.6,2.0,7.2,1.56,,75,1178,6.4,5.0,7.8,-0.97,87,29,19,41,1.62,29,23,37,0.57,8.9,-1.23,27,20,36,1.32,11206,61,1.00,84,25,15,38,1.91,2,11,18,-0.83,68,367,0.20,124,4280,29,24,34,0.65,1606,11,9,12,-0.20,12,65,1543:1,-0.09,4,22,4615:1,1.16,26,141,710:1,27,146,684:1,0.21,2371,95,83,108,2.27,285,84,73,94,1.08,170,74.1,61.2,87.1,-1.65,234,79,0.21,2315,4053,57.1,49.7,64.5,0.46,752,9837,7.6,-0.02,900,26,20,31,0.65,84736,21933,3.9,-0.96,803,3564,23,17,28,-1.36,21,11.3,-0.10,16,85,-0.85,52,56,42,74,0.77,12.2,0.80,0,0,-0.78,795,10,9,12,-1.21,6741,8133,83,80,85,0.56,6741,40,35,45,0.67
36099,New York,Seneca,384,6132,5141,7123,0.16,131,24,14,37,2.68,125,5.0,3.3,6.6,1.63,129,3.7,1.6,5.8,0.28,,155,2563,6.0,5.1,7.0,-1.29,130,23,15,34,0.59,29,23,36,0.51,8.7,-0.90,26,20,33,0.75,26028,74,0.19,126,11,6,19,-1.78,12,30,40,1.30,100,283,-0.27,191,7781,25,21,28,0.10,3111,12,10,13,0.20,9,25,3923:1,1.31,8,23,4426:1,1.13,51,144,694:1,51,144,694:1,0.23,2716,61,52,70,-0.27,268,91,80,100,-1.93,174,66.1,54.0,78.2,-0.18,419,79,0.27,5074,8920,56.9,52.2,61.5,0.49,1142,16572,6.9,-0.66,1526,22,16,28,-0.03,90724,20168,4.5,-0.11,2033,7023,29,24,34,-0.48,39,11.0,-0.02,58,176,-0.26,96,54,44,67,0.57,12.2,0.77,8220,31,1.64,1950,15,13,17,-0.42,12382,15020,82,81,84,0.54,12382,30,27,32,-0.30
36101,New York,Steuben,1112,5974,5426,6521,-0.02,361,15,11,20,0.21,355,4.0,3.1,4.9,0.42,357,3.9,2.8,5.0,0.57,,545,7786,7.0,6.4,7.6,-0.34,361,30,24,37,1.93,30,24,36,0.85,8.0,0.26,21,16,26,-1.17,51247,52,1.60,356,17,12,24,-0.17,17,49,35,0.78,241,243,-0.49,691,23327,30,27,32,0.72,9168,11,10,12,0.02,60,61,1651:1,0.06,37,38,2666:1,0.56,140,142,705:1,148,150,667:1,0.17,11219,71,66,76,0.47,1339,86,81,91,0.15,780,66.3,60.6,72.0,-0.21,1375,85,-0.75,13951,23018,60.6,57.6,63.6,0.03,3905,43984,8.9,1.03,5348,25,20,29,0.47,89120,20930,4.3,-0.43,7862,22526,35,31,38,0.32,117,11.8,-0.23,152,154,-0.40,276,56,49,62,0.71,12.4,1.10,4324,9,-0.10,5480,13,12,15,-0.68,34022,42243,81,79,82,0.41,34022,27,25,28,-0.60
36103,New York,Suffolk,13246,5284,5151,5416,-0.83,3185,11,10,13,-0.85,3129,3.2,2.8,3.5,-0.55,3139,3.4,3.0,3.9,-0.15,,9350,121421,7.7,7.6,7.9,0.37,3170,18,16,20,-0.39,22,20,25,-1.59,9.1,-1.56,22,20,24,-0.86,1421217,95,-1.18,3078,18,16,20,0.10,164,716,23,-0.37,3467,231,-0.56,5770,358729,16,16,17,-0.94,144903,11,11,12,0.19,1114,74,1346:1,-0.43,1160,77,1293:1,-0.95,3160,211,475:1,3374,225,444:1,-0.63,164314,66,65,67,0.12,16743,85,84,87,0.49,12354,63.7,62.2,65.1,0.27,20569,88,-1.26,240136,372650,64.4,,,-0.44,50854,792842,6.4,-1.07,33704,10,8,12,-1.95,156332,38362,4.1,-0.67,82457,347558,24,23,25,-1.19,963,6.4,1.26,2220,148,-0.44,3907,52,51,54,0.35,10.2,-1.96,2475,0,-0.76,111325,22,22,23,0.99,566531,712824,79,79,80,0.35,566531,40,39,40,0.65
36105,New York,Sullivan,1078,7756,7040,8472,2.07,254,15,11,21,0.27,247,4.4,3.2,5.5,0.90,250,3.4,2.3,4.5,-0.15,,581,6391,9.1,8.4,9.8,1.75,254,26,19,34,1.09,30,24,36,0.79,7.6,0.92,24,19,30,0.02,54319,70,0.43,249,19,13,27,0.41,20,64,31,0.44,281,366,0.20,550,18374,30,27,32,0.76,8699,14,12,15,1.46,36,47,2133:1,0.55,32,42,2396:1,0.40,93,121,824:1,101,132,759:1,0.36,9631,66,61,71,0.09,1250,88,83,93,-0.51,746,52.7,47.5,57.9,2.29,880,76,0.72,9554,18362,52.0,48.4,55.7,1.08,2903,33483,8.7,0.85,4581,28,22,35,1.07,91510,18933,4.8,0.35,5801,16692,35,30,40,0.30,87,11.3,-0.10,200,258,0.27,276,71,63,80,2.36,11.4,-0.36,41,0,-0.77,6520,22,20,24,0.94,24117,31356,77,75,79,0.18,24117,37,34,40,0.38
36107,New York,Tioga,526,6153,5316,6989,0.19,261,14,10,20,0.01,252,3.7,2.4,5.1,0.06,255,3.6,2.3,5.0,0.14,,270,3841,7.0,6.2,7.8,-0.31,259,14,10,19,-1.13,32,25,38,1.25,8.9,-1.23,26,20,33,0.75,37763,74,0.18,252,20,14,28,0.62,16,30,53,2.60,111,220,-0.62,361,11811,31,27,34,0.84,3860,9,8,10,-1.00,14,28,3606:1,1.23,8,16,6280:1,1.38,63,125,798:1,65,129,773:1,0.39,5434,63,57,70,-0.10,563,86,78,94,0.17,391,65.0,57.0,73.0,0.03,730,78,0.32,6960,11274,61.7,56.8,66.6,-0.11,1893,24281,7.8,0.11,1990,18,13,23,-0.64,99202,23170,4.3,-0.40,2836,11591,24,20,29,-1.09,70,13.9,-0.80,34,67,-0.97,120,47,39,55,-0.22,11.9,0.42,100,0,-0.75,2225,11,9,12,-1.13,19933,23889,83,82,85,0.60,19933,30,27,33,-0.24
36109,New York,Tompkins,725,4527,4055,4999,-1.72,360,12,8,17,-0.71,353,2.8,2.0,3.5,-1.03,352,3.4,2.3,4.5,-0.15,,410,6321,6.5,5.9,7.1,-0.85,354,13,9,18,-1.37,24,19,29,-1.13,7.7,0.76,24,19,30,0.17,80270,79,-0.15,347,14,11,19,-0.91,14,48,29,0.24,288,281,-0.28,308,43903,7,6,8,-2.05,8873,11,10,13,0.11,84,82,1221:1,-0.70,51,49,2032:1,0.12,286,276,362:1,293,283,354:1,-1.25,9339,38,34,42,-1.96,686,93,85,100,-2.39,646,69.3,62.9,75.8,-0.77,956,81,-0.11,18919,23608,80.1,76.0,84.3,-2.35,2919,58230,5.0,-2.26,2814,18,14,22,-0.66,107528,18793,5.7,1.54,4475,15856,28,24,33,-0.58,111,10.8,0.04,119,117,-0.64,211,42,36,47,-0.80,12.0,0.56,2200,2,-0.61,7775,20,18,22,0.58,28722,48129,60,58,62,-0.93,28722,17,15,19,-1.52
36111,New York,Ulster,1973,5913,5501,6325,-0.09,594,12,9,16,-0.65,581,3.9,2.8,4.9,0.30,585,3.4,2.5,4.3,-0.15,,823,12115,6.8,6.3,7.2,-0.54,593,23,18,28,0.51,27,23,32,-0.14,8.1,0.10,19,15,23,-2.01,150169,82,-0.36,580,25,20,31,2.02,21,85,25,-0.20,450,248,-0.47,823,45968,18,17,19,-0.71,19549,13,12,15,1.21,117,64,1554:1,-0.07,110,61,1645:1,-0.32,507,280,357:1,535,296,338:1,-1.38,22949,64,61,67,-0.03,2309,85,81,89,0.69,1705,62.8,59.0,66.5,0.44,2331,81,-0.16,27142,43530,62.4,59.4,65.3,-0.18,6667,86004,7.8,0.07,5790,17,13,22,-0.74,112490,24554,4.6,0.01,10867,35050,31,28,34,-0.21,170,9.4,0.45,341,186,-0.20,451,49,45,54,0.04,11.2,-0.66,1921,2,-0.62,14130,20,19,22,0.58,64812,83780,77,76,79,0.21,64812,37,35,39,0.38
36113,New York,Warren,743,5906,5189,6623,-0.10,290,13,9,19,-0.42,285,3.0,2.2,3.9,-0.79,287,2.4,1.6,3.3,-1.57,,294,4307,6.8,6.1,7.6,-0.51,288,25,18,32,0.85,27,22,33,-0.11,8.3,-0.24,20,15,25,-1.71,63054,96,-1.23,272,22,16,30,1.25,8,33,24,-0.24,177,270,-0.34,383,14844,26,23,28,0.26,5652,11,9,12,-0.26,71,108,923:1,-1.63,59,90,1107:1,-1.45,177,271,369:1,183,280,357:1,-1.22,7329,59,54,65,-0.38,689,88,81,95,-0.44,548,73.2,66.0,80.3,-1.48,878,82,-0.34,9479,14882,63.7,59.2,68.2,-0.34,2645,34942,7.6,-0.09,2338,19,14,24,-0.49,102215,24749,4.1,-0.60,4197,13056,32,27,37,-0.05,85,13.0,-0.55,108,164,-0.34,139,42,35,49,-0.72,11.1,-0.80,18173,36,1.98,4630,16,15,18,-0.13,25441,31158,82,80,83,0.49,25441,25,23,27,-0.71
36115,New York,Washington,750,6525,5772,7277,0.62,235,16,11,24,0.56,235,3.7,2.6,4.9,0.06,231,3.1,1.7,4.5,-0.58,,336,4414,7.6,6.8,8.4,0.28,239,28,21,37,1.51,29,23,36,0.48,8.4,-0.40,25,19,31,0.25,40174,64,0.85,227,12,8,20,-1.48,14,47,30,0.30,151,240,-0.51,411,13227,31,28,34,0.90,5649,11,10,13,0.09,23,37,2736:1,0.91,14,22,4507:1,1.14,64,101,986:1,65,103,971:1,0.67,5271,70,63,78,0.42,553,88,81,96,-0.74,378,64.3,56.2,72.4,0.15,779,78,0.36,7216,15744,45.8,42.2,49.4,1.84,2238,31498,7.1,-0.48,2672,22,17,27,-0.03,90791,22459,4.0,-0.72,4428,12953,34,28,40,0.23,64,10.2,0.22,88,138,-0.51,178,56,48,65,0.77,10.9,-1.04,2413,7,-0.21,3840,16,14,17,-0.27,22274,27763,80,78,82,0.39,22274,37,34,40,0.44
36117,New York,Wayne,1000,5610,5065,6154,-0.45,317,21,14,30,1.79,312,4.9,3.3,6.4,1.51,311,4.5,3.2,5.9,1.42,,508,7418,6.8,6.3,7.4,-0.49,316,21,16,28,0.24,30,24,36,0.66,8.5,-0.57,23,18,29,-0.29,65051,69,0.47,304,16,10,24,-0.58,6,44,14,-1.28,257,277,-0.30,668,22312,30,28,32,0.76,8080,10,9,11,-0.40,31,33,2999:1,1.03,40,43,2312:1,0.34,68,74,1360:1,69,75,1340:1,0.97,5538,76,69,83,0.86,545,88,80,96,-0.60,340,55.6,47.7,63.5,1.75,1377,83,-0.49,12944,21485,60.2,56.7,63.8,0.08,3519,46792,7.5,-0.13,3611,18,14,22,-0.69,95318,24360,3.9,-0.89,6899,21415,32,28,36,-0.04,105,11.3,-0.09,146,155,-0.40,245,52,46,59,0.35,12.3,0.91,7125,8,-0.18,4590,13,11,14,-0.82,36384,42895,85,84,86,0.69,36384,37,34,39,0.38
36119,New York,Westchester,6872,4293,4141,4444,-2.00,2094,12,10,14,-0.82,2054,3.1,2.6,3.7,-0.67,2072,2.8,2.4,3.2,-1.00,,6588,78956,8.3,8.2,8.5,1.01,2084,13,11,15,-1.28,18,16,20,-2.98,8.8,-1.06,19,17,22,-1.82,939815,99,-1.43,2017,17,14,19,-0.28,56,201,28,0.11,3033,315,-0.09,3514,223789,16,15,16,-0.98,97487,12,11,13,0.61,1352,141,711:1,-2.78,994,103,975:1,-1.91,2962,306,327:1,3105,320,312:1,-1.65,108000,54,53,55,-0.79,8562,87,85,89,-0.04,6922,66.3,64.3,68.2,-0.21,11316,86,-0.96,166583,239945,69.4,68.2,70.7,-1.04,29908,475390,6.3,-1.17,29574,13,11,15,-1.41,178970,30979,5.8,1.61,62077,223523,28,27,29,-0.64,810,8.4,0.71,2446,257,0.26,1593,34,32,35,-1.64,10.8,-1.17,105738,12,0.11,85935,25,24,25,1.43,267103,446383,60,59,60,-0.92,267103,38,37,39,0.52
36121,New York,Wyoming,454,5624,4819,6430,-0.43,162,14,8,24,-0.08,155,3.9,2.5,5.4,0.30,158,4.5,2.4,6.5,1.42,,155,2746,5.6,4.8,6.5,-1.69,162,18,12,27,-0.30,28,22,35,0.29,8.3,-0.24,25,19,32,0.56,25116,60,1.10,158,19,12,28,0.30,2,19,11,-1.58,97,232,-0.56,158,9211,17,15,20,-0.81,3427,11,10,12,-0.22,18,43,2327:1,0.69,13,31,3195:1,0.80,58,140,716:1,61,147,681:1,0.20,2543,73,62,83,0.60,273,86,75,97,0.05,194,59.8,48.9,70.7,0.98,421,85,-0.71,5874,11434,51.4,47.8,54.9,1.16,1562,20113,7.8,0.08,1336,17,13,21,-0.83,90324,23374,3.9,-0.96,2801,8292,34,28,40,0.17,66,15.8,-1.32,40,95,-0.79,103,49,40,58,-0.02,12.7,1.53,3518,16,0.42,1740,11,9,13,-1.07,14806,18067,82,80,84,0.50,14806,37,34,40,0.39
36123,New York,Yates,283,6046,4908,7185,0.06,,,,,0.00,112,2.6,1.2,3.9,-1.27,,,,,0.00,,116,2220,5.2,4.3,6.2,-2.11,115,25,14,40,0.90,26,20,33,-0.51,8.8,-1.06,24,17,32,-0.02,13227,52,1.58,111,15,8,25,-0.82,11,20,55,2.76,60,237,-0.53,146,7819,19,16,22,-0.62,2793,14,13,16,1.57,13,51,1950:1,0.39,9,36,2795:1,0.63,18,72,1398:1,18,72,1398:1,1.00,2145,59,49,69,-0.44,192,89,76,100,-0.99,134,64.2,50.6,77.7,0.17,261,84,-0.62,2287,4970,46.0,40.2,51.9,1.82,808,13201,6.1,-1.32,1562,27,21,34,0.90,88744,21162,4.2,-0.52,1586,5954,27,21,32,-0.80,39,15.4,-1.22,17,67,-0.97,64,50,39,65,0.15,12.3,0.91,2784,20,0.78,1550,16,14,19,-0.15,8015,11363,71,68,73,-0.23,8015,33,28,37,-0.02
,,,,,,,,,,,,,,,,,,,,,,,,,,,,,,,,,,,,,,,,,,,,,,,,,,,,,,,,,,,,,,,,,,,,,,,,,,,,,,,,,,,,,,,,,,,,,,,,,,,,,,,,,,,,,,,,,,,,,,,,,,,,,,,,,,,,,,,,,,,,,,,,,,,,,,,,,,,,,,,,
,,,,,,,,,,,,,,,,,,,,,,,,,,,,,,,,,,,,,,,,,,,,,,,,,,,,,,,,,,,,,,,,,,,,,,,,,,,,,,,"^This data was updated on March 29, 2017. Please see http://www.countyhealthrankings.org/content/data-changes for more information.",,,,,,,,,,,,,,,,,,,,,,,,,,,,,,,,,,,,,,,,,,,,,,,,,,,,,,,,,,,,,,,,,,,,,,,,,,,,,,,,,